app,traffic_volume
gaming,64555797826041.7
other,64381207546111.62
youtube,3397526236010.6387
netflix,3394012295285.5386
google,1171813598999.5457
email,338835178456.30994
social_media,274394590155.20804
